feature,label,d_PD,d_PD_ci_lo,d_PD_ci_hi,p_PD,sig_PD,n_PD,n_HC_PD,d_AD,d_AD_ci_lo,d_AD_ci_hi,p_AD,sig_AD,n_AD,n_HC_AD,bucket
dev_stdevF0,F0 std,-0.16434297374363052,-0.8107002712824658,0.2572484388118713,0.16470013641844994,False,31.0,42.0,0.5347207198494566,0.2834703051381408,0.7782490210407094,2.3765409628370918e-07,True,194,99,AD-specific
dev_F1_mean,F1,0.13746795538390175,-0.3981018930126187,0.5586397414340768,0.4924936728102032,False,31.0,42.0,0.15653952998818602,-0.07649013451049547,0.39095876397138507,0.17540901380392837,False,194,99,null
dev_F2_mean,F2,-0.0776021779520125,-0.5790139200084067,0.3941178905921304,0.29672965109400273,False,31.0,42.0,0.12055802815327119,-0.11490486474439211,0.37472289423071614,0.2397079078551263,False,194,99,null
dev_F3_mean,F3,0.14984687487199297,-0.3467125159749923,0.5694582433556458,0.8451563100182045,False,31.0,42.0,0.05020452753186937,-0.16328418950746676,0.28299535565226086,0.3845306271743991,False,194,99,null
dev_F4_mean,F4,0.06720186076468,-0.42562003561212886,0.5237310060449054,0.5066725428922443,False,31.0,42.0,-0.028846673153895133,-0.2074413385296544,0.215580914768785,0.2327868220324878,False,194,99,null
dev_n_pauses,dev_n_pauses,,,,,False,,,0.10847392662011639,-0.09101844902955038,0.3082662198866244,0.8110279919969462,False,194,99,null
dev_total_pause_time,Total Pause Time,,,,,False,,,0.4895619356806887,0.33132052769808407,0.6770302075248711,0.0010087601537248107,True,194,99,AD-specific
dev_phonation_time_ratio,dev_phonation_time_ratio,,,,,False,,,-0.22334489124203047,-0.4590125673886138,0.01106197463932166,0.05626318611065386,False,194,99,null
