feature,label,d_PD,d_PD_ci_lo,d_PD_ci_hi,p_PD,sig_PD,n_PD,n_HC_PD,d_AD,d_AD_ci_lo,d_AD_ci_hi,p_AD,sig_AD,n_AD,n_HC_AD,bucket
dev_mean_pause_duration,Mean Pause Dur.,0.6274984144406691,0.18210040298016844,1.0476895260917678,0.06314605228521868,False,31.0,42.0,-0.04796241604969935,-0.27920372676781596,0.2275403895333213,0.007618935477493586,True,194.0,99.0,AD-specific
dev_total_pause_time,Total Pause Time,,,,,False,,,0.4895619356806887,0.33132052769808407,0.6770302075248711,0.0010087601537248107,True,194.0,99.0,AD-specific
dev_silence_to_speech_ratio,Silence/Speech,0.7971880961626692,0.3470664731301186,1.221090637468986,0.0015862990714206242,True,31.0,42.0,,,,,False,,,PD-specific
dev_speech_rate,Speech Rate,0.17347129317944693,-0.27507152888338526,0.7463207313758415,0.35720145588803975,False,31.0,42.0,-0.17065338996581805,-0.41199897222161364,0.06879634041333844,0.12820558505761895,False,194.0,99.0,null
dev_articulation_rate,Artic. Rate,0.4821343185552685,-0.0032650497195651617,1.0274476181960244,0.06975147215520537,False,31.0,42.0,0.1177242075219119,-0.11103032791567224,0.33464633208221395,0.2305116079837286,False,194.0,99.0,null
dev_avg_syllable_duration,Avg Syl. Dur.,-0.4820525950413111,-1.0269125027273245,0.002876897849766494,0.06975147215520537,False,31.0,42.0,,,,,False,,,null
dev_mean_speech_duration,Mean Speech Dur.,0.808469119426543,0.4187363037415833,1.3064175409418695,0.0021879651790658503,True,31.0,42.0,,,,,False,,,PD-specific
dev_silence_rate,Silence Rate,-0.17104439292131732,-0.7426078317310614,0.2776070271845037,0.35720145588803975,False,31.0,42.0,,,,,False,,,null
dev_mean_silence_count,Silence Count,-0.5835240649585385,-1.252345502074753,-0.07541853576721075,0.0012832587065934532,True,31.0,42.0,,,,,False,,,PD-specific
